1,non interdum in ante,nisl aenean lectus pellentesque eget nunc,https://dailymotion.com/nila.xml,6
2,erat nila,interdum venenatis turpis enim blandit,https://xinhuanet.com/dictumst/maecenas/ut/massa/quis/augue/luctus.jsp,3
3,suscipit a,erat nila tempus vivamus in felis eu sapien cursus,https://wufoo.com/nila/quisque/arcu/libero/rutrum/ac.xml,6
4,non sodales,luctus et ultrices posuere cubilia curae nila,https://hc360.com/porttitor/id/consequat/in/consequat/ut.html,4
5,pulvinar sed nisl,vestibulum ante ipsum primis in faucibus orci,https://bing.com/nonummy/integer.jsp,4
6,natoque,quisque porta volutpat erat,https://smugmug.com/leo/maecenas.jpg,4
7,lacinia sapien,volutpat in congue etiam justo etiam pretium iaculis justo in,https://xinhuanet.com/tempus/vel/pede/morbi/porttitor.jsp,2
8,in blandit,lectus vestibulum quam sapien varius ut blandit non interdum,https://intel.com/tortor/duis/mattis/egestas/metus/aenean.aspx,1
9,pede ac diam,tortor quis turpis sed,https://ucla.edu/magna/at.js,1
10,dui,integer ac neque duis bibendum morbi non quam nec,http://51.la/massa/id.aspx,6
